CREATE DATABASE  IF NOT EXISTS `AutoGarcon` /*!40100 DEFAULT CHARACTER SET utf8mb4 COLLATE utf8mb4_0900_ai_ci */ /*!80016 DEFAULT ENCRYPTION='N' */;
USE `AutoGarcon`;
-- MySQL dump 10.13  Distrib 8.0.19, for Win64 (x86_64)
--
-- Host: auto-garcon-database.cd4hzqa9i8mi.us-east-1.rds.amazonaws.com    Database: AutoGarcon
-- ------------------------------------------------------
-- Server version	8.0.16

/*!40101 SET @OLD_CHARACTER_SET_CLIENT=@@CHARACTER_SET_CLIENT */;
/*!40101 SET @OLD_CHARACTER_SET_RESULTS=@@CHARACTER_SET_RESULTS */;
/*!40101 SET @OLD_COLLATION_CONNECTION=@@COLLATION_CONNECTION */;
/*!50503 SET NAMES utf8 */;
/*!40103 SET @OLD_TIME_ZONE=@@TIME_ZONE */;
/*!40103 SET TIME_ZONE='+00:00' */;
/*!40014 SET @OLD_UNIQUE_CHECKS=@@UNIQUE_CHECKS, UNIQUE_CHECKS=0 */;
/*!40014 SET @OLD_FOREIGN_KEY_CHECKS=@@FOREIGN_KEY_CHECKS, FOREIGN_KEY_CHECKS=0 */;
/*!40101 SET @OLD_SQL_MODE=@@SQL_MODE, SQL_MODE='NO_AUTO_VALUE_ON_ZERO' */;
/*!40111 SET @OLD_SQL_NOTES=@@SQL_NOTES, SQL_NOTES=0 */;
SET @MYSQLDUMP_TEMP_LOG_BIN = @@SESSION.SQL_LOG_BIN;
SET @@SESSION.SQL_LOG_BIN= 0;

--
-- GTID state at the beginning of the backup 
--

SET @@GLOBAL.GTID_PURGED=/*!80000 '+'*/ '';

--
-- Table structure for table `Menu`
--

DROP TABLE IF EXISTS `Menu`;
/*!40101 SET @saved_cs_client     = @@character_set_client */;
/*!50503 SET character_set_client = utf8mb4 */;
CREATE TABLE `Menu` (
  `menuID` int(11) NOT NULL AUTO_INCREMENT,
  `menuStatus` int(11) DEFAULT NULL,
  `menuName` varchar(100) DEFAULT NULL,
  `restaurantID` int(11) DEFAULT NULL,
  `menuImage` varchar(100) DEFAULT NULL,
  PRIMARY KEY (`menuID`),
  UNIQUE KEY `menuID_UNIQUE` (`menuID`),
  KEY `restaurantId_idx` (`restaurantID`),
  CONSTRAINT `restaurantId` FOREIGN KEY (`restaurantID`) REFERENCES `Restaurant` (`restaurantId`) ON DELETE CASCADE ON UPDATE CASCADE
) ENGINE=InnoDB AUTO_INCREMENT=16 DEFAULT CHARSET=utf8mb4 COLLATE=utf8mb4_0900_ai_ci;
/*!40101 SET character_set_client = @saved_cs_client */;

--
-- Dumping data for table `Menu`
--

LOCK TABLES `Menu` WRITE;
/*!40000 ALTER TABLE `Menu` DISABLE KEYS */;
INSERT INTO `Menu` VALUES (7,1,'Red Cow Lunch',5,NULL),(8,1,'Red Cow Happy Hour',5,NULL),(9,1,'Scooters Menu',1,NULL),(10,1,'Chipotle Menu',3,NULL),(11,1,'Khao Hom Lunch',2,NULL),(12,1,'Khao Hom Dinner',2,NULL),(13,1,'Roti Lunch Menu',2,NULL),(14,1,'Roti Dinner Menu',2,NULL),(15,1,'Roti Happy Hour Selections',2,NULL);
/*!40000 ALTER TABLE `Menu` ENABLE KEYS */;
UNLOCK TABLES;

--
-- Table structure for table `MenuContains`
--

DROP TABLE IF EXISTS `MenuContains`;
/*!40101 SET @saved_cs_client     = @@character_set_client */;
/*!50503 SET character_set_client = utf8mb4 */;
CREATE TABLE `MenuContains` (
  `menuID` int(11) DEFAULT NULL,
  `menuItemID` int(11) DEFAULT NULL,
  `price` decimal(10,2) DEFAULT NULL,
  `containsID` int(11) NOT NULL AUTO_INCREMENT,
  PRIMARY KEY (`containsID`)
) ENGINE=InnoDB AUTO_INCREMENT=54 DEFAULT CHARSET=utf8mb4 COLLATE=utf8mb4_0900_ai_ci;
/*!40101 SET character_set_client = @saved_cs_client */;

--
-- Dumping data for table `MenuContains`
--

LOCK TABLES `MenuContains` WRITE;
/*!40000 ALTER TABLE `MenuContains` DISABLE KEYS */;
INSERT INTO `MenuContains` VALUES (1,1,NULL,1),(1,2,NULL,2),(1,3,NULL,3),(1,4,NULL,4),(1,5,NULL,5),(1,6,NULL,6),(1,7,NULL,7),(2,11,NULL,8),(2,12,NULL,9),(2,13,NULL,10),(2,14,NULL,11),(2,15,NULL,12),(3,8,NULL,13),(3,9,NULL,14),(3,10,NULL,15),(5,27,11.75,16),(5,28,13.45,17),(5,29,12.95,18),(5,30,13.45,19),(5,31,11.75,20),(5,32,13.50,21),(5,33,13.75,22),(5,34,12.75,23),(5,35,16.65,24),(5,36,15.65,25),(5,37,9.75,26),(5,38,13.50,27),(5,39,14.25,28),(5,40,14.50,29),(5,41,10.00,30),(5,42,16.00,31),(5,43,10.45,32),(5,44,10.00,33),(5,45,12.50,34),(5,46,12.65,35),(5,47,10.00,36),(1,48,20.00,37),(1,49,100.99,42),(1,50,100.99,43),(7,51,11.99,44),(1,52,100.99,45),(1,53,100.99,46),(7,54,6.50,47),(7,55,7.00,48),(8,1,4.50,49),(8,2,5.50,50),(8,3,5.25,51),(8,4,5.00,52),(8,5,5.00,53);
/*!40000 ALTER TABLE `MenuContains` ENABLE KEYS */;
UNLOCK TABLES;

--
-- Table structure for table `MenuItem`
--

DROP TABLE IF EXISTS `MenuItem`;
/*!40101 SET @saved_cs_client     = @@character_set_client */;
/*!50503 SET character_set_client = utf8mb4 */;
CREATE TABLE `MenuItem` (
  `itemID` int(11) NOT NULL AUTO_INCREMENT,
  `itemName` varchar(100) NOT NULL,
  `description` text,
  `image` text,
  `itemStatus` tinyint(1) NOT NULL,
  `calories` int(11) DEFAULT NULL,
  `category` varchar(100) NOT NULL,
  `gluten` tinyint(1) NOT NULL DEFAULT '0',
  `meat` tinyint(1) NOT NULL DEFAULT '0',
  `dairy` tinyint(1) NOT NULL DEFAULT '0',
  `nuts` tinyint(1) NOT NULL DEFAULT '0',
  `soy` tinyint(1) NOT NULL DEFAULT '0',
  PRIMARY KEY (`itemID`)
) ENGINE=InnoDB AUTO_INCREMENT=56 DEFAULT CHARSET=utf8mb4 COLLATE=utf8mb4_0900_ai_ci;
/*!40101 SET character_set_client = @saved_cs_client */;

--
-- Dumping data for table `MenuItem`
--

LOCK TABLES `MenuItem` WRITE;
/*!40000 ALTER TABLE `MenuItem` DISABLE KEYS */;
INSERT INTO `MenuItem` VALUES (1,'French Fries','Crispy fries','',1,400,'Appetizers',0,0,0,0,0),(2,'Traditional Tots','Classic potato tater tots',NULL,1,400,'Appetizers',0,0,0,0,0),(3,'Chicken Strips','Crispy chicken strips',NULL,1,800,'Appetizers',0,0,0,0,0),(4,'Cheese Curds','Little fried cheese balls',NULL,1,750,'Appetizers',0,0,0,0,0),(5,'Mozzarella Sticks','Good with marinara',NULL,1,750,'Appetizers',0,0,0,0,0),(6,'Grilled Cheese','Rosemary Bread with your choice of cheese',NULL,1,850,'Paninis',0,0,0,0,0),(7,'Chicken Avocado','Rosemary Bread, Chicken, Gouda, Avocado Mayo, Spinach',NULL,1,825,'Paninis',0,0,0,0,0),(8,'Curry Basil Leaved Fried Rice','Spicy*. Zesty red curry paste stir fried with Jasmine rice, egg, basil, onion, and bell peppers.\n',NULL,1,272,'Thai Fried Rice',0,0,0,0,0),(9,'Pad Thai','A staple of every Thai restaurant, Pad Thai is a stir fried rice noodle, tangy pad Thai sauce, egg, green onions, and bean sprouts served with crushed peanut and lime on the side.',NULL,1,1131,'Noodle Stir Fry',0,0,0,0,0),(10,'Rice Noodle  gluten free','Gluten Free* Thai classic street noodle soup, Goid-Tiou. Just like in Thailand, you get your choice of noodle and meat in this delightful and delicious Thai spice soup. All soup is served with bean sprouts, jalapeno, and sweet basil.',NULL,1,192,'Noodle Soup',0,0,0,0,0),(11,'Thai Fried Rice','Thai Jasmine rice blended with egg, onions, tomatoes, and scallions.',NULL,1,137,'Lunch Specials',0,0,0,0,0),(12,' Red Curry','Gluten Free* *Spicy* Red curry paste, coconut milk, egg plant, bell peppers, bamboo shoots, lime leaves, and basil. Served with rice.',NULL,1,441,'Lunch Specials',0,0,0,0,0),(13,'Green Curry','Gluten Free* *Spicy* Green curry paste, coconut milk, egg plant, bell peppers, bamboo shoots, lime leaves, and basil. Served with rice.',NULL,1,310,'Lunch Specials',0,0,0,0,0),(14,'Pad Ruom Mid','Stir fried seasonal vegetables in our soy based sauce.\n',NULL,1,547,'Lunch Specials',0,0,0,0,0),(15,'Noodle Soup','*Gluten Free* One of Thailand’s favorite street food. Rice noodles in a rich clear broth served with bean sprouts, lime, jalapeno, and sweet basil.',NULL,1,120,'Lunch Specials',0,0,0,0,0),(16,'California Burger','Burger topped with lettuce, tomato, onion and mayonaise',NULL,1,850,'Burgers',0,0,0,0,0),(17,'Flame Thrower Burger','Spicy burger with sauteed onions and jalepenos topped with ghost pepper cheese and sriracha mayo',NULL,1,1000,'Burgers',0,0,0,0,0),(18,'Pretzel Bites','Bavarian pretzel bites served with hot queso dip',NULL,1,400,'Starters',0,0,0,0,0),(19,'Frickles','Seasoned and deep friend pickle spears servedwith ranch or jalapeno ranch',NULL,1,350,'Starters',0,0,0,0,0),(20,'Chicken Club','Crispy or grilled chicken breast topped with honey mustard on a toated bun',NULL,1,610,'Sandwiches',0,0,0,0,0),(21,'The Galaxy','Pepperoni, sausage, mushroom, onions and green pepper pizza',NULL,1,1500,'Moon Pizzas',0,0,0,0,0),(22,'Midnight Munchies','Garlic butter bites and mozzarella served with pizza sauce for dipping',NULL,1,740,'Moon Pizzas',0,0,0,0,0),(23,'Grilled Salmon','6oz Keta salmon filt wild caught from Alaska and served with a dill butter sauce',NULL,1,630,'Entrees',0,0,0,0,0),(24,'Redhook Battered Shrimp','Beer battered tail-off shrimp served with cocktail or tartar sauce and lemon wedge',NULL,1,580,'',0,0,0,0,0),(25,'Yum Neua','Spicy* Grilled beef, tomatoes, cucumbers, lettuce, onions, and cilantro in spicy lime herb dressing.',NULL,1,490,'Salad',0,0,0,0,0),(26,'Fried Ice Cream','Crispy breading on the outside with creamy ice cream inside.',NULL,1,450,'',0,0,0,0,0),(27,'Ultimate','CAB® burger, wisconsin aged cheddar, iceberg lettuce, tomato, onion & Red Cow sauce',NULL,1,750,'Burgers',0,1,1,0,0),(28,'Barcelona','CAB® burger, manchego, prosciutto, piquillo pepper & smoked aioli',NULL,1,750,'Burgers',0,1,1,0,0),(29,'60/40','60% CAB® & 40% ground bacon patty, wisconsin aged cheddar, beer mustard and candied bacon',NULL,1,750,'Burgers',0,1,1,0,0),(30,'Blues Burger','CAB® burger, wisconsin blue cheese & apricot-rosemary black pepper jam',NULL,1,750,'Burgers',0,1,1,0,0),(31,'Patty Melt','CAB* burger, caramelized onion, sharp cheddar, white american & garlic mayo',NULL,1,750,'Burgers',0,1,1,0,0),(32,'Breakfast','CAB® burger, peanut butter, over-easy egg, bacon & wisconsin aged cheddar on sourdough',NULL,1,750,'Burgers',0,1,1,0,0),(33,'Cowboy','CAB® burger, wisconsin aged cheddar, root beer pulled pork, onion rings, BBQ sauce',NULL,0,750,'Burgers',0,1,1,0,0),(34,'Mushroom-Swiss','CAB® burger, merlot mushrooms, garlic mayo & swiss cheese',NULL,0,750,'Burgers',0,1,1,0,0),(35,'Manhattan 2.0','double patty, bacon confit, Gruyere, arugula & dried cherry-red wine chutney, pretzel bun',NULL,1,750,'Red Cow Grind',1,1,1,0,0),(36,'Double Barrel Burger','double patty, white american, grilled onion & special sauce',NULL,1,750,'Red Cow Grind',1,1,1,0,0),(37,'Quarter Pounder','single patty, yellow american, ketchup, mustard, house pickles',NULL,1,750,'Red Cow Grind',1,1,1,0,0),(38,'Tennessee Hot Chicken','southern fried chicken, tennessee hot sauce, blackstrap mayo, house pickles',NULL,1,750,'Sandwiches',1,1,1,0,0),(39,'Reuben','kraut, russian aioli, muenster, fresh dill, pumpernickel\nveggie (beets)',NULL,1,750,'Sandwiches',0,1,1,0,0),(40,'Salmon','responsibly sourced grilled salmon, lemon-herb mayo, greens, whole wheat bun $14.50',NULL,1,750,'Sandwiches',0,1,0,0,0),(41,'Buffalo Cauliflower','gluten-free breading, buffalo sauce, ranch',NULL,1,750,'Plant Based',0,0,0,0,0),(42,'So Cal Burger','impossible patty, avocado, american, garlic mayo, lettuce, tomato, onion, whole wheat bun',NULL,1,750,'Plant Based',0,0,1,0,0),(43,'Red Cow','organic mixed greens, crispy prosciutto, sunflower, pumpkin, and hemp seeds, shaved parmesan, balsamic vinaigrette',NULL,1,600,'Salads',0,1,1,1,0),(44,'Asian','cucumber, carrot, radish, peanuts, root vegetables, citrus-asian vinaigrette',NULL,1,550,'Salads',0,0,0,1,0),(45,'Taco','avocado, tinga chicken, queso fresco, tomato, onion, corn salsa, tortilla chips, greens, chipotle-parmesan dressing',NULL,1,750,'Salads',0,1,1,0,0),(46,'Beet & Quinoa Salad','roasted red and golden beets, arugula, quinoa, edamame, red peppers, garbanzos, balsamic vinaigrette, chevre',NULL,1,650,'Salads',0,1,0,1,0),(47,'Caesar','red & green romaine, garlic croutons, parmesan',NULL,1,700,'Salads',0,0,1,0,0),(51,'Chicken Sandwich','Amazing chicken sandwich on ciabatta','test',2,950,'Sandwiches',1,0,0,1,0),(54,'Standard Burger','The basic burger','imageURL',1,750,'Burgers',1,1,1,0,0),(55,'Cheeseburger','The basic burger with cheese','imageURL',1,800,'Burgers',1,1,1,0,0);
/*!40000 ALTER TABLE `MenuItem` ENABLE KEYS */;
UNLOCK TABLES;

--
-- Table structure for table `MenuTimes`
--

DROP TABLE IF EXISTS `MenuTimes`;
/*!40101 SET @saved_cs_client     = @@character_set_client */;
/*!50503 SET character_set_client = utf8mb4 */;
CREATE TABLE `MenuTimes` (
  `timeID` int(11) NOT NULL AUTO_INCREMENT,
  `menuID` int(11) DEFAULT NULL,
  `startTime` int(11) DEFAULT NULL,
  `endTime` int(11) DEFAULT NULL,
  PRIMARY KEY (`timeID`),
  KEY `menuID` (`menuID`),
  CONSTRAINT `MenuTimes_ibfk_1` FOREIGN KEY (`menuID`) REFERENCES `Menu` (`menuID`)
) ENGINE=InnoDB AUTO_INCREMENT=7 DEFAULT CHARSET=utf8mb4 COLLATE=utf8mb4_0900_ai_ci;
/*!40101 SET character_set_client = @saved_cs_client */;

--
-- Dumping data for table `MenuTimes`
--

LOCK TABLES `MenuTimes` WRITE;
/*!40000 ALTER TABLE `MenuTimes` DISABLE KEYS */;
INSERT INTO `MenuTimes` VALUES (2,8,1500,1800),(3,8,2200,2300),(4,7,1030,1500),(6,7,0,2400);
/*!40000 ALTER TABLE `MenuTimes` ENABLE KEYS */;
UNLOCK TABLES;

--
-- Table structure for table `OrderItem`
--

DROP TABLE IF EXISTS `OrderItem`;
/*!40101 SET @saved_cs_client     = @@character_set_client */;
/*!50503 SET character_set_client = utf8mb4 */;
CREATE TABLE `OrderItem` (
  `orderItemID` int(11) NOT NULL AUTO_INCREMENT,
  `menuItemID` int(11) DEFAULT NULL,
  `quantity` int(11) NOT NULL,
  `comments` text,
  `orderID` int(11) DEFAULT NULL,
  PRIMARY KEY (`orderItemID`),
  KEY `menuItemID` (`menuItemID`),
  KEY `orderID` (`orderID`),
  CONSTRAINT `OrderItem_ibfk_1` FOREIGN KEY (`menuItemID`) REFERENCES `MenuItem` (`itemID`),
  CONSTRAINT `OrderItem_ibfk_2` FOREIGN KEY (`orderID`) REFERENCES `Orders` (`orderID`)
) ENGINE=InnoDB AUTO_INCREMENT=14 DEFAULT CHARSET=utf8mb4 COLLATE=utf8mb4_0900_ai_ci;
/*!40101 SET character_set_client = @saved_cs_client */;

--
-- Dumping data for table `OrderItem`
--

LOCK TABLES `OrderItem` WRITE;
/*!40000 ALTER TABLE `OrderItem` DISABLE KEYS */;
INSERT INTO `OrderItem` VALUES (1,35,1,'Cooked medium-rare',1),(2,38,2,'Extra spicy',1),(3,39,2,NULL,2),(4,43,1,NULL,2),(5,41,1,'Please put the sauce on the side',2),(6,42,1,'Extra Pickles',1),(7,8,2,NULL,3),(8,10,1,'extra spicy',3),(9,11,1,NULL,3),(10,14,1,'no mushrooms please',3),(11,8,2,NULL,8),(12,10,3,NULL,8),(13,14,1,'extra rice',8);
/*!40000 ALTER TABLE `OrderItem` ENABLE KEYS */;
UNLOCK TABLES;

--
-- Table structure for table `Orders`
--

DROP TABLE IF EXISTS `Orders`;
/*!40101 SET @saved_cs_client     = @@character_set_client */;
/*!50503 SET character_set_client = utf8mb4 */;
CREATE TABLE `Orders` (
  `orderID` int(11) NOT NULL AUTO_INCREMENT,
  `tableID` int(11) DEFAULT NULL,
  `orderTime` int(11) DEFAULT NULL,
  `chargeAmount` float DEFAULT NULL,
  `restaurantID` int(11) DEFAULT NULL,
  `customerName` varchar(100) DEFAULT NULL,
  `alexaStatus` tinyint(1) DEFAULT '0',
  `orderStatus` bit(1) DEFAULT NULL,
  PRIMARY KEY (`orderID`),
  KEY `restaurantID` (`restaurantID`),
  CONSTRAINT `Orders_ibfk_1` FOREIGN KEY (`restaurantID`) REFERENCES `Restaurant` (`restaurantId`)
) ENGINE=InnoDB AUTO_INCREMENT=10 DEFAULT CHARSET=utf8mb4 COLLATE=utf8mb4_0900_ai_ci;
/*!40101 SET character_set_client = @saved_cs_client */;

--
-- Dumping data for table `Orders`
--

LOCK TABLES `Orders` WRITE;
/*!40000 ALTER TABLE `Orders` DISABLE KEYS */;
INSERT INTO `Orders` VALUES (1,1,1230,0,5,'Andrew Bates',0,_binary '\0'),(2,4,1300,0,5,'Abraham Lincoln',0,_binary '\0'),(3,2,1415,0,3,'Tom Brady',1,_binary '\0'),(4,1,1905,0,3,'St. Patrick',0,_binary '\0'),(5,13,2150,0,5,'Kanye West',1,_binary '\0'),(6,45,2030,0,1,'Scooby Doo',0,_binary '\0'),(7,42,2035,0,1,'Shaggy',0,_binary '\0'),(8,4,2015,0,2,'Teddy',0,_binary '\0'),(9,4,2015,0,2,'Teddy',0,_binary '\0');
/*!40000 ALTER TABLE `Orders` ENABLE KEYS */;
UNLOCK TABLES;

--
-- Table structure for table `Restaurant`
--

DROP TABLE IF EXISTS `Restaurant`;
/*!40101 SET @saved_cs_client     = @@character_set_client */;
/*!50503 SET character_set_client = utf8mb4 */;
CREATE TABLE `Restaurant` (
  `restaurantId` int(11) NOT NULL AUTO_INCREMENT,
  `restaurantName` varchar(100) NOT NULL,
  `description` varchar(100) DEFAULT NULL,
  `address` varchar(100) DEFAULT NULL,
  `salesTax` decimal(10,2) DEFAULT '0.00',
  `city` varchar(45) DEFAULT NULL,
  `state` varchar(45) DEFAULT NULL,
  `zipCode` int(11) DEFAULT NULL,
  `country` varchar(45) DEFAULT NULL,
  PRIMARY KEY (`restaurantId`),
  UNIQUE KEY `restaurantId_UNIQUE` (`restaurantId`)
) ENGINE=InnoDB AUTO_INCREMENT=11 DEFAULT CHARSET=utf8mb4 COLLATE=utf8mb4_0900_ai_ci CHECKSUM=1;
/*!40101 SET character_set_client = @saved_cs_client */;

--
-- Dumping data for table `Restaurant`
--

LOCK TABLES `Restaurant` WRITE;
/*!40000 ALTER TABLE `Restaurant` DISABLE KEYS */;
INSERT INTO `Restaurant` VALUES (1,'Scooters','University of St. Thomas fast dining','2115 Summit Ave',7.70,'St. Paul','MN',55105,'United States'),(2,'Khao Hom','Thai Restaurant','2411 Central Ave NE',7.00,'Minneapolis','MN',55418,'United States'),(3,'Chipotle Mexican Restaurant','Fast-food Mexican Restaurant','2600 Hennepin Ave',7.00,'Minneapolis','MN',55408,'United States'),(4,'Roti Modern Mediterranean','Mediterranean','614 Washington Ave SE',0.00,'Minneapolis','MN',55414,'United States'),(5,'Red Cow Restaurant','Hamburger','393 Selby Avenue',7.70,'St. Paul','MN',55105,'United States');
/*!40000 ALTER TABLE `Restaurant` ENABLE KEYS */;
UNLOCK TABLES;

--
-- Dumping events for database 'AutoGarcon'
--

--
-- Dumping routines for database 'AutoGarcon'
--
/*!50003 DROP PROCEDURE IF EXISTS `AddItemToOrder` */;
/*!50003 SET @saved_cs_client      = @@character_set_client */ ;
/*!50003 SET @saved_cs_results     = @@character_set_results */ ;
/*!50003 SET @saved_col_connection = @@collation_connection */ ;
/*!50003 SET character_set_client  = utf8mb4 */ ;
/*!50003 SET character_set_results = utf8mb4 */ ;
/*!50003 SET collation_connection  = utf8mb4_0900_ai_ci */ ;
/*!50003 SET @saved_sql_mode       = @@sql_mode */ ;
/*!50003 SET sql_mode              = 'NO_ENGINE_SUBSTITUTION' */ ;
DELIMITER ;;
CREATE DEFINER=`masterUser`@`%` PROCEDURE `AddItemToOrder`(IN orderIDToAddTo INT, IN menuItemIDToAdd INT, IN quantityToAdd INT, IN commentsToAdd TEXT)
BEGIN
	INSERT INTO OrderItem (menuItemID, quantity, comments, orderID)
    VALUES (menuItemIDToAdd, quantityToAdd, commentsToAdd, orderIDToAddTo);
END ;;
DELIMITER ;
/*!50003 SET sql_mode              = @saved_sql_mode */ ;
/*!50003 SET character_set_client  = @saved_cs_client */ ;
/*!50003 SET character_set_results = @saved_cs_results */ ;
/*!50003 SET collation_connection  = @saved_col_connection */ ;
/*!50003 DROP PROCEDURE IF EXISTS `CreateNewMenu` */;
/*!50003 SET @saved_cs_client      = @@character_set_client */ ;
/*!50003 SET @saved_cs_results     = @@character_set_results */ ;
/*!50003 SET @saved_col_connection = @@collation_connection */ ;
/*!50003 SET character_set_client  = utf8 */ ;
/*!50003 SET character_set_results = utf8 */ ;
/*!50003 SET collation_connection  = utf8_general_ci */ ;
/*!50003 SET @saved_sql_mode       = @@sql_mode */ ;
/*!50003 SET sql_mode              = 'NO_ENGINE_SUBSTITUTION' */ ;
DELIMITER ;;
CREATE DEFINER=`masterUser`@`%` PROCEDURE `CreateNewMenu`(IN mStatus INT, in  menuName varchar(100), IN restaurantID INT, IN menuImage VARCHAR(100))
BEGIN
	INSERT into Menu(menuStatus, menuName, restaurantID, menuImage)
    VALUES (mStatus, menuName, restaurantID, menuImage);
END ;;
DELIMITER ;
/*!50003 SET sql_mode              = @saved_sql_mode */ ;
/*!50003 SET character_set_client  = @saved_cs_client */ ;
/*!50003 SET character_set_results = @saved_cs_results */ ;
/*!50003 SET collation_connection  = @saved_col_connection */ ;
/*!50003 DROP PROCEDURE IF EXISTS `CreateNewMenuItem` */;
/*!50003 SET @saved_cs_client      = @@character_set_client */ ;
/*!50003 SET @saved_cs_results     = @@character_set_results */ ;
/*!50003 SET @saved_col_connection = @@collation_connection */ ;
/*!50003 SET character_set_client  = utf8 */ ;
/*!50003 SET character_set_results = utf8 */ ;
/*!50003 SET collation_connection  = utf8_general_ci */ ;
/*!50003 SET @saved_sql_mode       = @@sql_mode */ ;
/*!50003 SET sql_mode              = 'NO_ENGINE_SUBSTITUTION' */ ;
DELIMITER ;;
CREATE DEFINER=`masterUser`@`%` PROCEDURE `CreateNewMenuItem`(IN mID INT, IN iName VARCHAR(100), IN idesc TEXT, IN itImage TEXT, 
IN iStatus TINYINT, IN iCalories INT, IN iCategory VARCHAR(100), IN iGluten TINYINT, IN iMeat TINYINT, IN iDairy TINYINT, IN iNuts TINYINT, IN iSoy TINYINT, IN iPrice Decimal(10,2))
BEGIN
	INSERT INTO MenuItem(itemName, description, image, itemStatus, calories, category, gluten, meat, dairy, nuts, soy)
    VALUES(iName, idesc, itImage, iStatus, iCalories, iCategory, iGluten, iMeat, iDairy, iNuts, iSoy);
    call updateMenuContains(mID, LAST_INSERT_ID(), iPrice);
END ;;
DELIMITER ;
/*!50003 SET sql_mode              = @saved_sql_mode */ ;
/*!50003 SET character_set_client  = @saved_cs_client */ ;
/*!50003 SET character_set_results = @saved_cs_results */ ;
/*!50003 SET collation_connection  = @saved_col_connection */ ;
/*!50003 DROP PROCEDURE IF EXISTS `CreateNewRestaurant` */;
/*!50003 SET @saved_cs_client      = @@character_set_client */ ;
/*!50003 SET @saved_cs_results     = @@character_set_results */ ;
/*!50003 SET @saved_col_connection = @@collation_connection */ ;
/*!50003 SET character_set_client  = utf8mb4 */ ;
/*!50003 SET character_set_results = utf8mb4 */ ;
/*!50003 SET collation_connection  = utf8mb4_0900_ai_ci */ ;
/*!50003 SET @saved_sql_mode       = @@sql_mode */ ;
/*!50003 SET sql_mode              = 'NO_ENGINE_SUBSTITUTION' */ ;
DELIMITER ;;
CREATE DEFINER=`masterUser`@`%` PROCEDURE `CreateNewRestaurant`(IN r_name varchar(100), IN r_descr varchar(100), IN r_address varchar(100), IN r_sales_tax DECIMAL(10,2), IN r_city varchar(100), IN r_state varchar(100), IN r_zip INT, IN r_country varchar(100))
BEGIN
	INSERT into Restaurant(restaurantName, description, address, salesTax, city, state, zipCode, country)
    VALUES(r_name, r_descr, r_address, r_sales_tax, r_city, r_state, r_zip, r_country);
END ;;
DELIMITER ;
/*!50003 SET sql_mode              = @saved_sql_mode */ ;
/*!50003 SET character_set_client  = @saved_cs_client */ ;
/*!50003 SET character_set_results = @saved_cs_results */ ;
/*!50003 SET collation_connection  = @saved_col_connection */ ;
/*!50003 DROP PROCEDURE IF EXISTS `GetAllMenuItems` */;
/*!50003 SET @saved_cs_client      = @@character_set_client */ ;
/*!50003 SET @saved_cs_results     = @@character_set_results */ ;
/*!50003 SET @saved_col_connection = @@collation_connection */ ;
/*!50003 SET character_set_client  = utf8 */ ;
/*!50003 SET character_set_results = utf8 */ ;
/*!50003 SET collation_connection  = utf8_general_ci */ ;
/*!50003 SET @saved_sql_mode       = @@sql_mode */ ;
/*!50003 SET sql_mode              = 'NO_ENGINE_SUBSTITUTION' */ ;
DELIMITER ;;
CREATE DEFINER=`masterUser`@`%` PROCEDURE `GetAllMenuItems`()
BEGIN
	SELECT * FROM MenuItem;
END ;;
DELIMITER ;
/*!50003 SET sql_mode              = @saved_sql_mode */ ;
/*!50003 SET character_set_client  = @saved_cs_client */ ;
/*!50003 SET character_set_results = @saved_cs_results */ ;
/*!50003 SET collation_connection  = @saved_col_connection */ ;
/*!50003 DROP PROCEDURE IF EXISTS `GetAllMenus` */;
/*!50003 SET @saved_cs_client      = @@character_set_client */ ;
/*!50003 SET @saved_cs_results     = @@character_set_results */ ;
/*!50003 SET @saved_col_connection = @@collation_connection */ ;
/*!50003 SET character_set_client  = utf8 */ ;
/*!50003 SET character_set_results = utf8 */ ;
/*!50003 SET collation_connection  = utf8_general_ci */ ;
/*!50003 SET @saved_sql_mode       = @@sql_mode */ ;
/*!50003 SET sql_mode              = 'NO_ENGINE_SUBSTITUTION' */ ;
DELIMITER ;;
CREATE DEFINER=`masterUser`@`%` PROCEDURE `GetAllMenus`()
BEGIN
	SELECT * FROM Menu;
END ;;
DELIMITER ;
/*!50003 SET sql_mode              = @saved_sql_mode */ ;
/*!50003 SET character_set_client  = @saved_cs_client */ ;
/*!50003 SET character_set_results = @saved_cs_results */ ;
/*!50003 SET collation_connection  = @saved_col_connection */ ;
/*!50003 DROP PROCEDURE IF EXISTS `GetAllOrderItemsAndQuantity` */;
/*!50003 SET @saved_cs_client      = @@character_set_client */ ;
/*!50003 SET @saved_cs_results     = @@character_set_results */ ;
/*!50003 SET @saved_col_connection = @@collation_connection */ ;
/*!50003 SET character_set_client  = utf8mb4 */ ;
/*!50003 SET character_set_results = utf8mb4 */ ;
/*!50003 SET collation_connection  = utf8mb4_0900_ai_ci */ ;
/*!50003 SET @saved_sql_mode       = @@sql_mode */ ;
/*!50003 SET sql_mode              = 'NO_ENGINE_SUBSTITUTION' */ ;
DELIMITER ;;
CREATE DEFINER=`masterUser`@`%` PROCEDURE `GetAllOrderItemsAndQuantity`(IN myOrderID INT)
BEGIN
	SELECT MenuItem.itemName, OrderItem.quantity
	FROM MenuItem
	JOIN OrderItem
	ON MenuItem.itemID = OrderItem.menuItemID
	WHERE orderID = myOrderID;
END ;;
DELIMITER ;
/*!50003 SET sql_mode              = @saved_sql_mode */ ;
/*!50003 SET character_set_client  = @saved_cs_client */ ;
/*!50003 SET character_set_results = @saved_cs_results */ ;
/*!50003 SET collation_connection  = @saved_col_connection */ ;
/*!50003 DROP PROCEDURE IF EXISTS `GetAllRestaurants` */;
/*!50003 SET @saved_cs_client      = @@character_set_client */ ;
/*!50003 SET @saved_cs_results     = @@character_set_results */ ;
/*!50003 SET @saved_col_connection = @@collation_connection */ ;
/*!50003 SET character_set_client  = utf8mb4 */ ;
/*!50003 SET character_set_results = utf8mb4 */ ;
/*!50003 SET collation_connection  = utf8mb4_0900_ai_ci */ ;
/*!50003 SET @saved_sql_mode       = @@sql_mode */ ;
/*!50003 SET sql_mode              = 'NO_ENGINE_SUBSTITUTION' */ ;
DELIMITER ;;
CREATE DEFINER=`masterUser`@`%` PROCEDURE `GetAllRestaurants`()
BEGIN
	SELECT * FROM Restaurant;
END ;;
DELIMITER ;
/*!50003 SET sql_mode              = @saved_sql_mode */ ;
/*!50003 SET character_set_client  = @saved_cs_client */ ;
/*!50003 SET character_set_results = @saved_cs_results */ ;
/*!50003 SET collation_connection  = @saved_col_connection */ ;
/*!50003 DROP PROCEDURE IF EXISTS `GetMenuItembyMenuId` */;
/*!50003 SET @saved_cs_client      = @@character_set_client */ ;
/*!50003 SET @saved_cs_results     = @@character_set_results */ ;
/*!50003 SET @saved_col_connection = @@collation_connection */ ;
/*!50003 SET character_set_client  = utf8mb4 */ ;
/*!50003 SET character_set_results = utf8mb4 */ ;
/*!50003 SET collation_connection  = utf8mb4_0900_ai_ci */ ;
/*!50003 SET @saved_sql_mode       = @@sql_mode */ ;
/*!50003 SET sql_mode              = 'NO_ENGINE_SUBSTITUTION' */ ;
DELIMITER ;;
CREATE DEFINER=`masterUser`@`%` PROCEDURE `GetMenuItembyMenuId`(IN id INT)
BEGIN
	SELECT * FROM AutoGarcon.MenuItem WHERE itemID IN (SELECT menuItemID FROM AutoGarcon.MenuContains WHERE menuID=id);
END ;;
DELIMITER ;
/*!50003 SET sql_mode              = @saved_sql_mode */ ;
/*!50003 SET character_set_client  = @saved_cs_client */ ;
/*!50003 SET character_set_results = @saved_cs_results */ ;
/*!50003 SET collation_connection  = @saved_col_connection */ ;
/*!50003 DROP PROCEDURE IF EXISTS `GetMenuItemByName` */;
/*!50003 SET @saved_cs_client      = @@character_set_client */ ;
/*!50003 SET @saved_cs_results     = @@character_set_results */ ;
/*!50003 SET @saved_col_connection = @@collation_connection */ ;
/*!50003 SET character_set_client  = utf8mb4 */ ;
/*!50003 SET character_set_results = utf8mb4 */ ;
/*!50003 SET collation_connection  = utf8mb4_0900_ai_ci */ ;
/*!50003 SET @saved_sql_mode       = @@sql_mode */ ;
/*!50003 SET sql_mode              = 'NO_ENGINE_SUBSTITUTION' */ ;
DELIMITER ;;
CREATE DEFINER=`masterUser`@`%` PROCEDURE `GetMenuItemByName`(IN iName VARCHAR(255))
BEGIN
	SELECT * FROM AutoGarcon.MenuItem WHERE itemName = iName;
END ;;
DELIMITER ;
/*!50003 SET sql_mode              = @saved_sql_mode */ ;
/*!50003 SET character_set_client  = @saved_cs_client */ ;
/*!50003 SET character_set_results = @saved_cs_results */ ;
/*!50003 SET collation_connection  = @saved_col_connection */ ;
/*!50003 DROP PROCEDURE IF EXISTS `GetMenusByRestaurantId` */;
/*!50003 SET @saved_cs_client      = @@character_set_client */ ;
/*!50003 SET @saved_cs_results     = @@character_set_results */ ;
/*!50003 SET @saved_col_connection = @@collation_connection */ ;
/*!50003 SET character_set_client  = utf8 */ ;
/*!50003 SET character_set_results = utf8 */ ;
/*!50003 SET collation_connection  = utf8_general_ci */ ;
/*!50003 SET @saved_sql_mode       = @@sql_mode */ ;
/*!50003 SET sql_mode              = 'NO_ENGINE_SUBSTITUTION' */ ;
DELIMITER ;;
CREATE DEFINER=`masterUser`@`%` PROCEDURE `GetMenusByRestaurantId`(IN id int)
BEGIN
	SELECT * FROM AutoGarcon.Menu WHERE restaurantID = id;
END ;;
DELIMITER ;
/*!50003 SET sql_mode              = @saved_sql_mode */ ;
/*!50003 SET character_set_client  = @saved_cs_client */ ;
/*!50003 SET character_set_results = @saved_cs_results */ ;
/*!50003 SET collation_connection  = @saved_col_connection */ ;
/*!50003 DROP PROCEDURE IF EXISTS `GetRestaurantByName` */;
/*!50003 SET @saved_cs_client      = @@character_set_client */ ;
/*!50003 SET @saved_cs_results     = @@character_set_results */ ;
/*!50003 SET @saved_col_connection = @@collation_connection */ ;
/*!50003 SET character_set_client  = utf8mb4 */ ;
/*!50003 SET character_set_results = utf8mb4 */ ;
/*!50003 SET collation_connection  = utf8mb4_0900_ai_ci */ ;
/*!50003 SET @saved_sql_mode       = @@sql_mode */ ;
/*!50003 SET sql_mode              = 'NO_ENGINE_SUBSTITUTION' */ ;
DELIMITER ;;
CREATE DEFINER=`masterUser`@`%` PROCEDURE `GetRestaurantByName`(IN rName VARCHAR(100))
BEGIN
	SELECT * FROM AutoGarcon.Restaurant WHERE restaurantName=rName;
END ;;
DELIMITER ;
/*!50003 SET sql_mode              = @saved_sql_mode */ ;
/*!50003 SET character_set_client  = @saved_cs_client */ ;
/*!50003 SET character_set_results = @saved_cs_results */ ;
/*!50003 SET collation_connection  = @saved_col_connection */ ;
/*!50003 DROP PROCEDURE IF EXISTS `GetTotalPriceOfOrder` */;
/*!50003 SET @saved_cs_client      = @@character_set_client */ ;
/*!50003 SET @saved_cs_results     = @@character_set_results */ ;
/*!50003 SET @saved_col_connection = @@collation_connection */ ;
/*!50003 SET character_set_client  = utf8mb4 */ ;
/*!50003 SET character_set_results = utf8mb4 */ ;
/*!50003 SET collation_connection  = utf8mb4_0900_ai_ci */ ;
/*!50003 SET @saved_sql_mode       = @@sql_mode */ ;
/*!50003 SET sql_mode              = 'NO_ENGINE_SUBSTITUTION' */ ;
DELIMITER ;;
CREATE DEFINER=`masterUser`@`%` PROCEDURE `GetTotalPriceOfOrder`(IN orderIDToGet INT)
BEGIN
	SELECT OrderItem.orderID, SUM(OrderItem.quantity), SUM(MenuContains.price * OrderItem.quantity) AS 'Total Price'
	FROM OrderItem
	JOIN MenuContains ON OrderItem.menuItemID = MenuContains.menuItemID
	WHERE orderID = orderIDToGet;
END ;;
DELIMITER ;
/*!50003 SET sql_mode              = @saved_sql_mode */ ;
/*!50003 SET character_set_client  = @saved_cs_client */ ;
/*!50003 SET character_set_results = @saved_cs_results */ ;
/*!50003 SET collation_connection  = @saved_col_connection */ ;
/*!50003 DROP PROCEDURE IF EXISTS `RemoveMenuTime` */;
/*!50003 SET @saved_cs_client      = @@character_set_client */ ;
/*!50003 SET @saved_cs_results     = @@character_set_results */ ;
/*!50003 SET @saved_col_connection = @@collation_connection */ ;
/*!50003 SET character_set_client  = utf8 */ ;
/*!50003 SET character_set_results = utf8 */ ;
/*!50003 SET collation_connection  = utf8_general_ci */ ;
/*!50003 SET @saved_sql_mode       = @@sql_mode */ ;
/*!50003 SET sql_mode              = 'NO_ENGINE_SUBSTITUTION' */ ;
DELIMITER ;;
CREATE DEFINER=`masterUser`@`%` PROCEDURE `RemoveMenuTime`(IN sTime INT, IN eTime INT, IN mID INT)
BEGIN
	DELETE FROM MenuTimes
    WHERE (menuID = mID AND sTime = startTime AND eTime = endTime);
END ;;
DELIMITER ;
/*!50003 SET sql_mode              = @saved_sql_mode */ ;
/*!50003 SET character_set_client  = @saved_cs_client */ ;
/*!50003 SET character_set_results = @saved_cs_results */ ;
/*!50003 SET collation_connection  = @saved_col_connection */ ;
/*!50003 DROP PROCEDURE IF EXISTS `SetMenuTime` */;
/*!50003 SET @saved_cs_client      = @@character_set_client */ ;
/*!50003 SET @saved_cs_results     = @@character_set_results */ ;
/*!50003 SET @saved_col_connection = @@collation_connection */ ;
/*!50003 SET character_set_client  = utf8 */ ;
/*!50003 SET character_set_results = utf8 */ ;
/*!50003 SET collation_connection  = utf8_general_ci */ ;
/*!50003 SET @saved_sql_mode       = @@sql_mode */ ;
/*!50003 SET sql_mode              = 'NO_ENGINE_SUBSTITUTION' */ ;
DELIMITER ;;
CREATE DEFINER=`masterUser`@`%` PROCEDURE `SetMenuTime`(IN startTime INT, IN endTime INT, IN menuID INT)
BEGIN
	INSERT into MenuTimes(menuID, startTime, endTime)
    VALUES (menuID, startTime, endTime);
END ;;
DELIMITER ;
/*!50003 SET sql_mode              = @saved_sql_mode */ ;
/*!50003 SET character_set_client  = @saved_cs_client */ ;
/*!50003 SET character_set_results = @saved_cs_results */ ;
/*!50003 SET collation_connection  = @saved_col_connection */ ;
/*!50003 DROP PROCEDURE IF EXISTS `UpdateMenuContains` */;
/*!50003 SET @saved_cs_client      = @@character_set_client */ ;
/*!50003 SET @saved_cs_results     = @@character_set_results */ ;
/*!50003 SET @saved_col_connection = @@collation_connection */ ;
/*!50003 SET character_set_client  = utf8 */ ;
/*!50003 SET character_set_results = utf8 */ ;
/*!50003 SET collation_connection  = utf8_general_ci */ ;
/*!50003 SET @saved_sql_mode       = @@sql_mode */ ;
/*!50003 SET sql_mode              = 'NO_ENGINE_SUBSTITUTION' */ ;
DELIMITER ;;
CREATE DEFINER=`masterUser`@`%` PROCEDURE `UpdateMenuContains`(IN mID INT, IN iID INT, IN iPrice Decimal(10,2))
BEGIN
	INSERT INTO MenuContains(menuID, menuItemID, price)
    VALUES (mID, iID, iPrice);
    
END ;;
DELIMITER ;
/*!50003 SET sql_mode              = @saved_sql_mode */ ;
/*!50003 SET character_set_client  = @saved_cs_client */ ;
/*!50003 SET character_set_results = @saved_cs_results */ ;
/*!50003 SET collation_connection  = @saved_col_connection */ ;
SET @@SESSION.SQL_LOG_BIN = @MYSQLDUMP_TEMP_LOG_BIN;
/*!40103 SET TIME_ZONE=@OLD_TIME_ZONE */;

/*!40101 SET SQL_MODE=@OLD_SQL_MODE */;
/*!40014 SET FOREIGN_KEY_CHECKS=@OLD_FOREIGN_KEY_CHECKS */;
/*!40014 SET UNIQUE_CHECKS=@OLD_UNIQUE_CHECKS */;
/*!40101 SET CHARACTER_SET_CLIENT=@OLD_CHARACTER_SET_CLIENT */;
/*!40101 SET CHARACTER_SET_RESULTS=@OLD_CHARACTER_SET_RESULTS */;
/*!40101 SET COLLATION_CONNECTION=@OLD_COLLATION_CONNECTION */;
/*!40111 SET SQL_NOTES=@OLD_SQL_NOTES */;

-- Dump completed on 2020-03-17 13:18:35
